Title,Location,Date/Time,Description,Instructor,Image,Pageurl,Content writer
Addictions of Professionals,,,,,addictions-of-professionals-dpc_86351971.jpg,addictions-of-professionals,
Android Devices Advanced,,,,,android-devices-advanced-dpc_101847366.jpg,android-devices-advanced,
Aroma Therapy ,,,,,aroma-therapy-dpc_83920578.jpg,aroma-therapy,
Beginning Photography ,,,,,beginning-photography-dpc_78949277.jpg,beginning-photography,
Conspiracy Theories ,,,,,conspiracy-theories-dpc_86643301.jpg,conspiracy-theories,
Estate Planning,,,,,estate-planning-dpc_60296922.jpg,estate-planning,
Grant Writing ,,,,,grant-writing-dpc_52545101.jpg,grant-writing,
Hearing Loss and Coping Strategies,,,,,hearing-loss-and-coping-strategies-dpc_63957413.jpg,hearing-loss-and-coping-strategies,
Introduction to Web Design,,,,,introduction-to-web-design-dpc_77547762.jpg,introduction-to-web-design,
Introduction to Geneology,,,,,introduction-to-geneology-dpc_10420700.jpg,introduction-to-geneology,
Medicare Parts A and B,,,,,medicare-parts-a-and-b-dpc_87216627.jpg,medicare-parts-a-and-b,
Meditation,,,,,meditation-dpc_97680501.jpg,meditation,
Multiple Generations in the Workplace,,,,,multiple-generations-in-the-workplace-dpc_91576216.jpg,multiple-generations-in-the-workplace,
Poetry Writing,,,,,poetry-writing-dpc_64035611.jpg,poetry-writing,
Pre-Business Workshop,,,,,pre-business-workshop-dpc_64371957.jpg,pre-business-workshop,
Real Ghosts of Kankakee Valley,,,,,real-ghosts-of-kankakee-valley-dpc_68212895.jpg,real-ghosts-of-kankakee-valley,
Reinventing Your Career,,,,,reinventing-your-career-dpc_85575503.jpg,reinventing-your-career,
Safety Caring for your Family Member,,,,,safety-caring-for-your-family-member-dpc_78991469.jpg,safety-caring-for-your-family-member,
Social Media 101 for Small Business,,,,,social-media-101-for-small-business-dpc_73782789.jpg,social-media-101-for-small-business,
Social Networking,,,,,social-networking-dpc_82041204.jpg,social-networking,
